[
  { "authorName": "Swami Ramsukhdas", "language": "hindi", "title": "Hindi translation by Swami Ramsukhdas" },
  { "authorName": "Swami Tejomayananda", "language": "hindi", "title": "Hindi translation by Swami Tejomayananda" },
  { "authorName": "Swami Adidevananda", "language": "english", "title": "English translation by Swami Adidevananda" },
  { "authorName": "Swami Gambirananda", "language": "english", "title": "English translation by Swami Gambirananda" },
  { "authorName": "Swami Sivananda", "language": "english", "title": "English translation by Swami Sivananda" },
  { "authorName": "Dr. S. Sankaranarayan", "language": "english", "title": "English translation by Swami Sankaranarayan" },
  { "authorName": "Shri Purohit Swami", "language": "english", "title": "English translation by Shri Purohit Swami" }
]
